{"encoder": [1.7990520000457764, 0.5655727386474609, 0.5596396923065186, 0.5607695579528809, 0.5701565742492676, 0.5545251369476318, 0.572700023651123, 0.5738224983215332, 0.5662925243377686, 0.5790743827819824, 0.587566614151001, 0.5775570869445801, 0.6062741279602051, 0.5796101093292236, 0.5666875839233398, 0.5676782131195068, 0.5690219402313232, 0.567410945892334, 0.5687224864959717, 0.5660400390625, 0.5723888874053955, 0.5631225109100342, 0.5720856189727783, 0.5687103271484375, 0.5932538509368896, 0.6324849128723145, 0.5897934436798096, 0.6415717601776123, 0.6177265644073486, 0.5781488418579102, 0.5689225196838379, 0.5784008502960205, 0.5719707012176514, 0.572232723236084, 0.5729856491088867, 0.5861914157867432, 0.5746917724609375, 0.5779201984405518, 0.5753004550933838], "decoder": [0.007395446300506592, 0.007395446300506592, 0.007395446300506592, 0.007395446300506592, 0.006646871566772461, 0.006646871566772461, 0.006646871566772461, 0.006646871566772461, 0.005472660064697266, 0.005472660064697266, 0.005472660064697266, 0.005472660064697266, 0.006286025047302246, 0.006286025047302246, 0.006286025047302246, 0.006286025047302246, 0.005315542221069336, 0.005315542221069336, 0.005315542221069336, 0.005315542221069336, 0.006045520305633545, 0.006045520305633545, 0.006045520305633545, 0.006045520305633545, 0.00571054220199585, 0.00571054220199585, 0.00571054220199585, 0.00571054220199585, 0.005603134632110596, 0.005603134632110596, 0.005603134632110596, 0.005603134632110596, 0.0059806108474731445, 0.0059806108474731445, 0.0059806108474731445, 0.0059806108474731445, 0.005599915981292725, 0.005599915981292725, 0.005599915981292725, 0.005599915981292725, 0.005632996559143066, 0.005632996559143066, 0.005632996559143066, 0.005632996559143066, 0.005777537822723389, 0.005777537822723389, 0.005777537822723389, 0.005777537822723389, 0.006196916103363037, 0.006196916103363037, 0.006196916103363037, 0.006196916103363037, 0.006053805351257324, 0.006053805351257324, 0.006053805351257324, 0.006053805351257324, 0.006115555763244629, 0.006115555763244629, 0.006115555763244629, 0.006115555763244629, 0.00594639778137207, 0.00594639778137207, 0.00594639778137207, 0.00594639778137207, 0.006655991077423096, 0.006655991077423096, 0.006655991077423096, 0.006655991077423096, 0.006147563457489014, 0.006147563457489014, 0.006147563457489014, 0.006147563457489014, 0.005669891834259033, 0.005669891834259033, 0.005669891834259033, 0.005669891834259033, 0.005845904350280762, 0.005845904350280762, 0.005845904350280762, 0.005845904350280762, 0.00550466775894165, 0.00550466775894165, 0.00550466775894165, 0.00550466775894165, 0.006384432315826416, 0.006384432315826416, 0.006384432315826416, 0.006384432315826416, 0.0065514445304870605, 0.0065514445304870605, 0.0065514445304870605, 0.0065514445304870605, 0.0056149959564208984, 0.0056149959564208984, 0.0056149959564208984, 0.0056149959564208984, 0.006358027458190918, 0.006358027458190918, 0.006358027458190918, 0.006358027458190918, 0.006516575813293457, 0.006516575813293457, 0.006516575813293457, 0.006516575813293457, 0.006033718585968018, 0.006033718585968018, 0.006033718585968018, 0.006033718585968018, 0.006820261478424072, 0.006820261478424072, 0.006820261478424072, 0.006820261478424072, 0.0061345696449279785, 0.0061345696449279785, 0.0061345696449279785, 0.0061345696449279785, 0.005598306655883789, 0.005598306655883789, 0.005598306655883789, 0.005598306655883789, 0.0061604976654052734, 0.0061604976654052734, 0.0061604976654052734, 0.0061604976654052734, 0.005672633647918701, 0.005672633647918701, 0.005672633647918701, 0.005672633647918701, 0.006817221641540527, 0.006817221641540527, 0.006817221641540527, 0.006817221641540527, 0.005427360534667969, 0.005427360534667969, 0.005427360534667969, 0.005427360534667969, 0.006426215171813965, 0.006426215171813965, 0.006426215171813965, 0.006426215171813965, 0.006429910659790039, 0.006429910659790039, 0.006429910659790039, 0.006429910659790039, 0.005612850189208984, 0.005612850189208984, 0.005612850189208984, 0.005612850189208984, 0.0058844685554504395, 0.0058844685554504395, 0.0058844685554504395, 0.0058844685554504395, 0.0055626630783081055, 0.0055626630783081055, 0.0055626630783081055, 0.0055626630783081055]}